<?xml version="1.0" encoding="UTF-8"?>
<project xmlns="http://www.netbeans.org/ns/project/1">
    <type>org.netbeans.modules.apisupport.project</type>
    <configuration>
        <data xmlns="http://www.netbeans.org/ns/nb-module-project/3">
            <code-name-base>jssc</code-name-base>
            <suite-component/>
            <module-dependencies/>
            <public-packages>
                <package>jssc</package>
            </public-packages>
            <class-path-extension>
                <runtime-relative-path>ext/jssc.jar</runtime-relative-path>
                <binary-origin>release/modules/ext/jssc.jar</binary-origin>
            </class-path-extension>
            <class-path-extension>
                <runtime-relative-path>ext/vecmath.jar</runtime-relative-path>
                <binary-origin>release/modules/ext/vecmath.jar</binary-origin>
            </class-path-extension>
        </data>
    </configuration>
</project>
