<?xml version="1.0" encoding="UTF-8"?>
<project xmlns="http://www.netbeans.org/ns/project/1">
    <type>org.netbeans.modules.apisupport.project</type>
    <configuration>
        <data xmlns="http://www.netbeans.org/ns/nb-module-project/3">
            <code-name-base>joglall</code-name-base>
            <suite-component/>
            <module-dependencies/>
            <public-packages>
                <package>com.jogamp.common</package>
                <package>com.jogamp.common.jvm</package>
                <package>com.jogamp.common.net</package>
                <package>com.jogamp.common.net.asset</package>
                <package>com.jogamp.common.nio</package>
                <package>com.jogamp.common.os</package>
                <package>com.jogamp.common.type</package>
                <package>com.jogamp.common.util</package>
                <package>com.jogamp.common.util.awt</package>
                <package>com.jogamp.common.util.cache</package>
                <package>com.jogamp.common.util.locks</package>
                <package>com.jogamp.gluegen.runtime</package>
                <package>com.jogamp.gluegen.runtime.opengl</package>
                <package>com.jogamp.graph.curve</package>
                <package>com.jogamp.graph.curve.opengl</package>
                <package>com.jogamp.graph.curve.tess</package>
                <package>com.jogamp.graph.font</package>
                <package>com.jogamp.graph.geom</package>
                <package>com.jogamp.nativewindow</package>
                <package>com.jogamp.nativewindow.awt</package>
                <package>com.jogamp.nativewindow.egl</package>
                <package>com.jogamp.nativewindow.macosx</package>
                <package>com.jogamp.nativewindow.swt</package>
                <package>com.jogamp.nativewindow.util</package>
                <package>com.jogamp.nativewindow.windows</package>
                <package>com.jogamp.nativewindow.x11</package>
                <package>com.jogamp.newt</package>
                <package>com.jogamp.newt.awt</package>
                <package>com.jogamp.newt.awt.applet</package>
                <package>com.jogamp.newt.event</package>
                <package>com.jogamp.newt.event.awt</package>
                <package>com.jogamp.newt.opengl</package>
                <package>com.jogamp.newt.opengl.util</package>
                <package>com.jogamp.newt.opengl.util.stereo</package>
                <package>com.jogamp.newt.swt</package>
                <package>com.jogamp.newt.util</package>
                <package>com.jogamp.newt.util.applet</package>
                <package>com.jogamp.oculusvr</package>
                <package>com.jogamp.openal</package>
                <package>com.jogamp.openal.eax</package>
                <package>com.jogamp.openal.sound3d</package>
                <package>com.jogamp.openal.util</package>
                <package>com.jogamp.opencl</package>
                <package>com.jogamp.opencl.gl</package>
                <package>com.jogamp.opencl.impl</package>
                <package>com.jogamp.opencl.llb</package>
                <package>com.jogamp.opencl.llb.gl</package>
                <package>com.jogamp.opencl.llb.impl</package>
                <package>com.jogamp.opencl.spi</package>
                <package>com.jogamp.opencl.util</package>
                <package>com.jogamp.opencl.util.concurrent</package>
                <package>com.jogamp.opengl</package>
                <package>com.jogamp.opengl.awt</package>
                <package>com.jogamp.opengl.egl</package>
                <package>com.jogamp.opengl.fixedfunc</package>
                <package>com.jogamp.opengl.glu</package>
                <package>com.jogamp.opengl.glu.gl2</package>
                <package>com.jogamp.opengl.glu.gl2es1</package>
                <package>com.jogamp.opengl.math</package>
                <package>com.jogamp.opengl.math.geom</package>
                <package>com.jogamp.opengl.swt</package>
                <package>com.jogamp.opengl.util</package>
                <package>com.jogamp.opengl.util.av</package>
                <package>com.jogamp.opengl.util.awt</package>
                <package>com.jogamp.opengl.util.gl2</package>
                <package>com.jogamp.opengl.util.glsl</package>
                <package>com.jogamp.opengl.util.glsl.fixedfunc</package>
                <package>com.jogamp.opengl.util.glsl.sdk</package>
                <package>com.jogamp.opengl.util.packrect</package>
                <package>com.jogamp.opengl.util.stereo</package>
                <package>com.jogamp.opengl.util.stereo.generic</package>
                <package>com.jogamp.opengl.util.texture</package>
                <package>com.jogamp.opengl.util.texture.awt</package>
                <package>com.jogamp.opengl.util.texture.spi</package>
                <package>com.jogamp.opengl.util.texture.spi.awt</package>
                <package>jogamp.common</package>
                <package>jogamp.common.jvm</package>
                <package>jogamp.common.os</package>
                <package>jogamp.common.os.elf</package>
                <package>jogamp.common.util</package>
                <package>jogamp.common.util.locks</package>
                <package>jogamp.graph.curve.opengl</package>
                <package>jogamp.graph.curve.opengl.shader</package>
                <package>jogamp.graph.curve.tess</package>
                <package>jogamp.graph.font</package>
                <package>jogamp.graph.font.typecast</package>
                <package>jogamp.graph.font.typecast.ot</package>
                <package>jogamp.graph.font.typecast.ot.mac</package>
                <package>jogamp.graph.font.typecast.ot.table</package>
                <package>jogamp.graph.font.typecast.t2</package>
                <package>jogamp.graph.font.typecast.tt.engine</package>
                <package>jogamp.graph.geom.plane</package>
                <package>jogamp.nativetag.common.linux.amd64</package>
                <package>jogamp.nativetag.common.linux.armv6</package>
                <package>jogamp.nativetag.common.linux.armv6hf</package>
                <package>jogamp.nativetag.common.linux.i586</package>
                <package>jogamp.nativetag.common.macosx.universal</package>
                <package>jogamp.nativetag.common.solaris.amd64</package>
                <package>jogamp.nativetag.common.solaris.i586</package>
                <package>jogamp.nativetag.common.windows.amd64</package>
                <package>jogamp.nativetag.common.windows.i586</package>
                <package>jogamp.nativetag.oculusvr.linux.amd64</package>
                <package>jogamp.nativetag.oculusvr.linux.armv6</package>
                <package>jogamp.nativetag.oculusvr.linux.armv6hf</package>
                <package>jogamp.nativetag.oculusvr.linux.i586</package>
                <package>jogamp.nativetag.oculusvr.macosx.universal</package>
                <package>jogamp.nativetag.oculusvr.solaris.amd64</package>
                <package>jogamp.nativetag.oculusvr.solaris.i586</package>
                <package>jogamp.nativetag.oculusvr.windows.amd64</package>
                <package>jogamp.nativetag.oculusvr.windows.i586</package>
                <package>jogamp.nativetag.openal.linux.amd64</package>
                <package>jogamp.nativetag.openal.linux.armv6</package>
                <package>jogamp.nativetag.openal.linux.armv6hf</package>
                <package>jogamp.nativetag.openal.linux.i586</package>
                <package>jogamp.nativetag.openal.macosx.universal</package>
                <package>jogamp.nativetag.openal.solaris.amd64</package>
                <package>jogamp.nativetag.openal.solaris.i586</package>
                <package>jogamp.nativetag.openal.windows.amd64</package>
                <package>jogamp.nativetag.openal.windows.i586</package>
                <package>jogamp.nativetag.opencl.linux.amd64</package>
                <package>jogamp.nativetag.opencl.linux.armv6</package>
                <package>jogamp.nativetag.opencl.linux.armv6hf</package>
                <package>jogamp.nativetag.opencl.linux.i586</package>
                <package>jogamp.nativetag.opencl.macosx.universal</package>
                <package>jogamp.nativetag.opencl.solaris.amd64</package>
                <package>jogamp.nativetag.opencl.solaris.i586</package>
                <package>jogamp.nativetag.opencl.windows.amd64</package>
                <package>jogamp.nativetag.opencl.windows.i586</package>
                <package>jogamp.nativetag.opengl.linux.amd64</package>
                <package>jogamp.nativetag.opengl.linux.armv6</package>
                <package>jogamp.nativetag.opengl.linux.armv6hf</package>
                <package>jogamp.nativetag.opengl.linux.i586</package>
                <package>jogamp.nativetag.opengl.macosx.universal</package>
                <package>jogamp.nativetag.opengl.solaris.amd64</package>
                <package>jogamp.nativetag.opengl.solaris.i586</package>
                <package>jogamp.nativetag.opengl.windows.amd64</package>
                <package>jogamp.nativetag.opengl.windows.i586</package>
                <package>jogamp.nativewindow</package>
                <package>jogamp.nativewindow.awt</package>
                <package>jogamp.nativewindow.jawt</package>
                <package>jogamp.nativewindow.jawt.macosx</package>
                <package>jogamp.nativewindow.jawt.windows</package>
                <package>jogamp.nativewindow.jawt.x11</package>
                <package>jogamp.nativewindow.macosx</package>
                <package>jogamp.nativewindow.windows</package>
                <package>jogamp.nativewindow.x11</package>
                <package>jogamp.nativewindow.x11.awt</package>
                <package>jogamp.newt</package>
                <package>jogamp.newt.awt</package>
                <package>jogamp.newt.awt.event</package>
                <package>jogamp.newt.driver</package>
                <package>jogamp.newt.driver.awt</package>
                <package>jogamp.newt.driver.bcm.vc.iv</package>
                <package>jogamp.newt.driver.linux</package>
                <package>jogamp.newt.driver.macosx</package>
                <package>jogamp.newt.driver.opengl</package>
                <package>jogamp.newt.driver.windows</package>
                <package>jogamp.newt.driver.x11</package>
                <package>jogamp.newt.event</package>
                <package>jogamp.newt.swt</package>
                <package>jogamp.newt.swt.event</package>
                <package>jogamp.openal</package>
                <package>jogamp.opencl</package>
                <package>jogamp.opengl</package>
                <package>jogamp.opengl.awt</package>
                <package>jogamp.opengl.egl</package>
                <package>jogamp.opengl.es1</package>
                <package>jogamp.opengl.es3</package>
                <package>jogamp.opengl.gl2</package>
                <package>jogamp.opengl.gl4</package>
                <package>jogamp.opengl.glu</package>
                <package>jogamp.opengl.glu.error</package>
                <package>jogamp.opengl.glu.gl2.nurbs</package>
                <package>jogamp.opengl.glu.mipmap</package>
                <package>jogamp.opengl.glu.nurbs</package>
                <package>jogamp.opengl.glu.registry</package>
                <package>jogamp.opengl.glu.tessellator</package>
                <package>jogamp.opengl.macosx.cgl</package>
                <package>jogamp.opengl.macosx.cgl.awt</package>
                <package>jogamp.opengl.oculusvr</package>
                <package>jogamp.opengl.oculusvr.stereo.lense</package>
                <package>jogamp.opengl.openal.av</package>
                <package>jogamp.opengl.util</package>
                <package>jogamp.opengl.util.av</package>
                <package>jogamp.opengl.util.av.impl</package>
                <package>jogamp.opengl.util.glsl</package>
                <package>jogamp.opengl.util.glsl.fixedfunc</package>
                <package>jogamp.opengl.util.jpeg</package>
                <package>jogamp.opengl.util.pngj</package>
                <package>jogamp.opengl.util.pngj.chunks</package>
                <package>jogamp.opengl.util.stereo</package>
                <package>jogamp.opengl.windows.wgl</package>
                <package>jogamp.opengl.windows.wgl.awt</package>
                <package>jogamp.opengl.x11.glx</package>
            </public-packages>
            <class-path-extension>
                <runtime-relative-path>ext/jogamp-fat-2.3.2.jar</runtime-relative-path>
                <binary-origin>release/modules/ext/jogamp-fat-2.3.2.jar</binary-origin>
            </class-path-extension>
        </data>
    </configuration>
</project>
