<?xml version="1.0" encoding="UTF-8"?>
<!DOCTYPE filesystem PUBLIC "-//NetBeans//DTD Filesystem 1.2//EN" "http://www.netbeans.org/dtds/filesystem-1_2.dtd">
<filesystem>
    <folder name="Edit">
        <file name="org-openide-actions-FindAction.shadow_hidden"/>
    </folder>
    <folder name="Menu">
        <file name="Edit_hidden"/>
        <folder name="File">
            <file name="org-netbeans-modules-editor-ExportHtmlAction.shadow_hidden"/>
        </folder>
        <file name="Source_hidden"/>
        <file name="GoTo_hidden"/>
        <file name="View_hidden"/>
    </folder>
</filesystem>
