<?xml version="1.0" encoding="UTF-8"?>
<!DOCTYPE filesystem PUBLIC "-//NetBeans//DTD Filesystem 1.2//EN" "http://www.netbeans.org/dtds/filesystem-1_2.dtd">
<filesystem>
    <folder name="Windows2">
        <folder name="Modes">
            <file name="connection.wsmode" url="connectionWsmode.xml"/>
            <file name="console.wsmode" url="consoleWsmode.xml"/>
            <file name="middle_left.wsmode" url="middle_leftWsmode.xml"/>
            <file name="status.wsmode" url="statusWsmode.xml"/>
            <file name="visualizer.wsmode" url="visualizerWsmode.xml"/>
        </folder>
    </folder>
</filesystem>
